<?xml version="1.0" encoding="UTF-8"?>
<beans xmlns="http://www.springframework.org/schema/beans" xmlns:mvc="http://www.springframework.org/schema/mvc" xmlns:context="http://www.springframework.org/schema/context" xmlns:xsi="http://www.w3.org/2001/XMLSchema-instance" xsi:schemaLocation="
http://www.springframework.org/schema/beans http://www.springframework.org/schema/beans/spring-beans.xsd http://www.springframework.org/schema/mvc http://www.springframework.org/schema/mvc/spring-mvc.xsd http://www.springframework.org/schema/context http://www.springframework.org/schema/context/spring-context.xsd">

    <context:component-scan base-package="com.qianfeng.ssm.controller"/>
    <bean class="org.springframework.web.servlet.view.InternalResourceViewResolver">
        <property name="prefix" value="/WEB-INF/"/>
        <property name="suffix" value=".jsp"/>
    </bean>


    <!--此处添加一个jedis的jedisPool-->
    <bean id="jedisPool" class="redis.clients.jedis.JedisPool">
        <constructor-arg name="host" value="127.0.0.1"/>
        <constructor-arg name="port" value="6379"/>
    </bean>

    <bean id="jedisClientPool" class="com.qianfeng.ssm.utils.JedisClientPool">
        <property name="jedisPool" ref="jedisPool"/>
    </bean>


    <mvc:annotation-driven/>
    <!--放行全部静态资源-->
    <mvc:default-servlet-handler/>
</beans>