<?xml version="1.0" encoding="UTF-8"?>
<!DOCTYPE mapper PUBLIC "-//mybatis.org//DTD Mapper 3.0//EN" "http://mybatis.org/dtd/mybatis-3-mapper.dtd">
<mapper namespace="com.qianfeng.ssm.mapper.AreaMapper">
  <resultMap id="BaseResultMap" type="com.qianfeng.ssm.pojo.Area">
    <id column="id" jdbcType="INTEGER" property="id" />
    <result column="code" jdbcType="CHAR" property="code" />
    <result column="right" jdbcType="INTEGER" property="right" />
    <result column="left" jdbcType="INTEGER" property="left" />
    <result column="name" jdbcType="VARCHAR" property="name" />
    <result column="parent_id" jdbcType="INTEGER" property="parentId" />
    <result column="level" jdbcType="TINYINT" property="level" />
    <result column="created_at" jdbcType="TIMESTAMP" property="createdAt" />
    <result column="updated_at" jdbcType="TIMESTAMP" property="updatedAt" />
  </resultMap>
  <sql id="Base_Column_List">
    id, code, right, left, name, parent_id, level, created_at, updated_at
  </sql>
  <select id="selectByPrimaryKey" parameterType="java.lang.Integer" resultMap="BaseResultMap">
    select 
    <include refid="Base_Column_List" />
    from area
    where id = #{id,jdbcType=INTEGER}
  </select>
  <delete id="deleteByPrimaryKey" parameterType="java.lang.Integer">
    delete from area
    where id = #{id,jdbcType=INTEGER}
  </delete>
  <insert id="insert" parameterType="com.qianfeng.ssm.pojo.Area">
    insert into area (id, code, right, 
      left, name, parent_id, 
      level, created_at, updated_at
      )
    values (#{id,jdbcType=INTEGER}, #{code,jdbcType=CHAR}, #{right,jdbcType=INTEGER}, 
      #{left,jdbcType=INTEGER}, #{name,jdbcType=VARCHAR}, #{parentId,jdbcType=INTEGER}, 
      #{level,jdbcType=TINYINT}, #{createdAt,jdbcType=TIMESTAMP}, #{updatedAt,jdbcType=TIMESTAMP}
      )
  </insert>
  <insert id="insertSelective" parameterType="com.qianfeng.ssm.pojo.Area">
    insert into area
    <trim prefix="(" suffix=")" suffixOverrides=",">
      <if test="id != null">
        id,
      </if>
      <if test="code != null">
        code,
      </if>
      <if test="right != null">
        right,
      </if>
      <if test="left != null">
        left,
      </if>
      <if test="name != null">
        name,
      </if>
      <if test="parentId != null">
        parent_id,
      </if>
      <if test="level != null">
        level,
      </if>
      <if test="createdAt != null">
        created_at,
      </if>
      <if test="updatedAt != null">
        updated_at,
      </if>
    </trim>
    <trim prefix="values (" suffix=")" suffixOverrides=",">
      <if test="id != null">
        #{id,jdbcType=INTEGER},
      </if>
      <if test="code != null">
        #{code,jdbcType=CHAR},
      </if>
      <if test="right != null">
        #{right,jdbcType=INTEGER},
      </if>
      <if test="left != null">
        #{left,jdbcType=INTEGER},
      </if>
      <if test="name != null">
        #{name,jdbcType=VARCHAR},
      </if>
      <if test="parentId != null">
        #{parentId,jdbcType=INTEGER},
      </if>
      <if test="level != null">
        #{level,jdbcType=TINYINT},
      </if>
      <if test="createdAt != null">
        #{createdAt,jdbcType=TIMESTAMP},
      </if>
      <if test="updatedAt != null">
        #{updatedAt,jdbcType=TIMESTAMP},
      </if>
    </trim>
  </insert>
  <update id="updateByPrimaryKeySelective" parameterType="com.qianfeng.ssm.pojo.Area">
    update area
    <set>
      <if test="code != null">
        code = #{code,jdbcType=CHAR},
      </if>
      <if test="right != null">
        right = #{right,jdbcType=INTEGER},
      </if>
      <if test="left != null">
        left = #{left,jdbcType=INTEGER},
      </if>
      <if test="name != null">
        name = #{name,jdbcType=VARCHAR},
      </if>
      <if test="parentId != null">
        parent_id = #{parentId,jdbcType=INTEGER},
      </if>
      <if test="level != null">
        level = #{level,jdbcType=TINYINT},
      </if>
      <if test="createdAt != null">
        created_at = #{createdAt,jdbcType=TIMESTAMP},
      </if>
      <if test="updatedAt != null">
        updated_at = #{updatedAt,jdbcType=TIMESTAMP},
      </if>
    </set>
    where id = #{id,jdbcType=INTEGER}
  </update>
  <update id="updateByPrimaryKey" parameterType="com.qianfeng.ssm.pojo.Area">
    update area
    set code = #{code,jdbcType=CHAR},
      right = #{right,jdbcType=INTEGER},
      left = #{left,jdbcType=INTEGER},
      name = #{name,jdbcType=VARCHAR},
      parent_id = #{parentId,jdbcType=INTEGER},
      level = #{level,jdbcType=TINYINT},
      created_at = #{createdAt,jdbcType=TIMESTAMP},
      updated_at = #{updatedAt,jdbcType=TIMESTAMP}
    where id = #{id,jdbcType=INTEGER}
  </update>

  <select id="getALlProvince" resultMap="BaseResultMap">
    select id,name
    from area where level = 1
  </select>

  <select id="getCityByName" resultMap="BaseResultMap" resultType="string">
    select a.id,a.name
    from area a
    inner join area r
    on r.id = a.parent_id
     where r.name=#{name} and a.`level`=2
  </select>

  <select id="getAreaByName" resultMap="BaseResultMap" resultType="string">
    select a.id,a.name
    from area a
    inner join area r
    on r.id = a.parent_id
     where r.name=#{name} and a.`level`=3
  </select>


</mapper>